{"run_status": "PAUSED", "total_bytes": 17779429497.0, "done_bytes": 1658538178.0, "total_files": 331692, "done_files": 0, "speed_mb_s": 0.8425605518485773, "files_s": 0.0, "active_threads": 8, "batches_done": 0, "batches_total": 3338, "pct": 9.328410556029665, "eta_sec": null, "ts": 1767502859.1883712, "streams": []}